{"Keys":["com.unity.services.analytics.version","com.unity.remote-config-runtime.version","com.unity.services.lobby.version","com.unity.services.economy.version","com.unity.services.cloudsave.version","com.unity.services.core.version","com.unity.services.authentication.version","com.unity.services.relay.version","com.unity.services.cloudcode.version"],"Values":[{"m_Value":"3.0.0-pre.3","m_IsReadOnly":true},{"m_Value":"3.0.0-pre.19","m_IsReadOnly":true},{"m_Value":"1.0.0-pre.6","m_IsReadOnly":true},{"m_Value":"1.0.0-pre.8","m_IsReadOnly":true},{"m_Value":"1.0.0-pre.3","m_IsReadOnly":true},{"m_Value":"1.1.0-pre.41","m_IsReadOnly":true},{"m_Value":"1.0.0-pre.37","m_IsReadOnly":true},{"m_Value":"1.0.1-pre.3","m_IsReadOnly":true},{"m_Value":"1.0.0-pre.7","m_IsReadOnly":true}]}